topic,front,back
Neural Networks,What is neurons?,neurons is an important concept in Neural Networks.
Neural Networks,What is learning?,learning is an important concept in Neural Networks.
Neural Networks,What is activation?,activation is an important concept in Neural Networks.
Neural Networks,What is weights?,weights is an important concept in Neural Networks.
Neural Networks,What is contain?,contain is an important concept in Neural Networks.
Database Management Systems,What is organize?,organize is an important concept in Database Management Systems.
Database Management Systems,What is efficiently?,efficiently is an important concept in Database Management Systems.
Database Management Systems,What is systems?,systems is an important concept in Database Management Systems.
Database Management Systems,What is databases?,databases is an important concept in Database Management Systems.
Database Management Systems,What is relational?,relational is an important concept in Database Management Systems.
Operating Systems,What is performance?,performance is an important concept in Operating Systems.
Operating Systems,What is hardware?,hardware is an important concept in Operating Systems.
Operating Systems,What is handles?,handles is an important concept in Operating Systems.
Operating Systems,What is operating?,operating is an important concept in Operating Systems.
Operating Systems,What is systems?,systems is an important concept in Operating Systems.
